application,case,avg_ccn,application_ncss,frame_count,exception_class,frame,frame_level,class,line
ES,ES-19891,1.84,158785,23,ArrayIndexOutOfBoundsException,org.elasticsearch.ElasticsearchException.guessRootCauses(ElasticsearchException.java:386),1,org.elasticsearch.ElasticsearchException.guessRootCauses,386
ES,ES-19891,1.84,158785,23,ArrayIndexOutOfBoundsException,org.elasticsearch.action.search.SearchPhaseExecutionException.guessRootCauses(SearchPhaseExecutionException.java:152),2,org.elasticsearch.action.search.SearchPhaseExecutionException.guessRootCauses,152
ES,ES-19891,1.84,158785,23,ArrayIndexOutOfBoundsException,org.elasticsearch.action.search.SearchPhaseExecutionException.getCause(SearchPhaseExecutionException.java:99),3,org.elasticsearch.action.search.SearchPhaseExecutionException.getCause,99
ES,ES-19891,1.84,158785,23,ArrayIndexOutOfBoundsException,org.elasticsearch.common.logging.log4j.Log4jESLogger.internalWarn(Log4jESLogger.java:135),16,org.elasticsearch.common.logging.log4j.Log4jESLogger.internalWarn,135
ES,ES-19891,1.84,158785,23,ArrayIndexOutOfBoundsException,org.elasticsearch.common.logging.support.AbstractESLogger.warn(AbstractESLogger.java:109),17,org.elasticsearch.common.logging.support.AbstractESLogger.warn,109
ES,ES-19891,1.84,158785,23,ArrayIndexOutOfBoundsException,org.elasticsearch.rest.BytesRestResponse.convert(BytesRestResponse.java:134),18,org.elasticsearch.rest.BytesRestResponse.convert,134
ES,ES-19891,1.84,158785,23,ArrayIndexOutOfBoundsException,org.elasticsearch.rest.BytesRestResponse.<init>(BytesRestResponse.java:96),19,org.elasticsearch.rest.BytesRestResponse.<init>,96
ES,ES-19891,1.84,158785,23,ArrayIndexOutOfBoundsException,org.elasticsearch.rest.BytesRestResponse.<init>(BytesRestResponse.java:87),20,org.elasticsearch.rest.BytesRestResponse.<init>,87
ES,ES-19891,1.84,158785,23,ArrayIndexOutOfBoundsException,org.elasticsearch.rest.action.support.RestActionListener.onFailure(RestActionListener.java:60),21,org.elasticsearch.rest.action.support.RestActionListener.onFailure,60
ES,ES-19891,1.84,158785,23,ArrayIndexOutOfBoundsException,org.elasticsearch.action.support.TransportAction$1.onFailure(TransportAction.java:95),22,org.elasticsearch.action.support.TransportAction$1.onFailure,95
ES,ES-19891,1.84,158785,23,ArrayIndexOutOfBoundsException,org.elasticsearch.action.search.AbstractSearchAsyncAction.raiseEarlyFailure(AbstractSearchAsyncAction.java:294),23,org.elasticsearch.action.search.AbstractSearchAsyncAction.raiseEarlyFailure,294
ES,ES-21911,1.81,127994,50,ArrayIndexOutOfBoundsException,org.elasticsearch.index.engine.InternalEngine.index(InternalEngine.java:558),17,org.elasticsearch.index.engine.InternalEngine.index,558
ES,ES-21911,1.81,127994,50,ArrayIndexOutOfBoundsException,org.elasticsearch.index.engine.InternalEngine.innerIndex(InternalEngine.java:520),18,org.elasticsearch.index.engine.InternalEngine.innerIndex,520
ES,ES-21911,1.81,127994,50,ArrayIndexOutOfBoundsException,org.elasticsearch.index.engine.InternalEngine.index(InternalEngine.java:409),19,org.elasticsearch.index.engine.InternalEngine.index,409
ES,ES-21911,1.81,127994,50,ArrayIndexOutOfBoundsException,org.elasticsearch.index.shard.IndexShard.index(IndexShard.java:556),20,org.elasticsearch.index.shard.IndexShard.index,556
ES,ES-21911,1.81,127994,50,ArrayIndexOutOfBoundsException,org.elasticsearch.index.shard.IndexShard.index(IndexShard.java:546),21,org.elasticsearch.index.shard.IndexShard.index,546
ES,ES-21911,1.81,127994,50,ArrayIndexOutOfBoundsException,org.elasticsearch.action.index.TransportIndexAction.executeIndexRequestOnPrimary(TransportIndexAction.java:191),22,org.elasticsearch.action.index.TransportIndexAction.executeIndexRequestOnPrimary,191
ES,ES-21911,1.81,127994,50,ArrayIndexOutOfBoundsException,org.elasticsearch.action.bulk.TransportShardBulkAction.shardIndexOperation(TransportShardBulkAction.java:351),23,org.elasticsearch.action.bulk.TransportShardBulkAction.shardIndexOperation,351
ES,ES-21911,1.81,127994,50,ArrayIndexOutOfBoundsException,org.elasticsearch.action.bulk.TransportShardBulkAction.index(TransportShardBulkAction.java:158),24,org.elasticsearch.action.bulk.TransportShardBulkAction.index,158
ES,ES-21911,1.81,127994,50,ArrayIndexOutOfBoundsException,org.elasticsearch.action.bulk.TransportShardBulkAction.handleItem(TransportShardBulkAction.java:137),25,org.elasticsearch.action.bulk.TransportShardBulkAction.handleItem,137
ES,ES-21911,1.81,127994,50,ArrayIndexOutOfBoundsException,org.elasticsearch.action.bulk.TransportShardBulkAction.onPrimaryShard(TransportShardBulkAction.java:123),26,org.elasticsearch.action.bulk.TransportShardBulkAction.onPrimaryShard,123
ES,ES-21911,1.81,127994,50,ArrayIndexOutOfBoundsException,org.elasticsearch.action.bulk.TransportShardBulkAction.onPrimaryShard(TransportShardBulkAction.java:74),27,org.elasticsearch.action.bulk.TransportShardBulkAction.onPrimaryShard,74
ES,ES-21911,1.81,127994,50,ArrayIndexOutOfBoundsException,org.elasticsearch.action.support.replication.TransportWriteAction.shardOperationOnPrimary(TransportWriteAction.java:78),28,org.elasticsearch.action.support.replication.TransportWriteAction.shardOperationOnPrimary,78
ES,ES-21911,1.81,127994,50,ArrayIndexOutOfBoundsException,org.elasticsearch.action.support.replication.TransportWriteAction.shardOperationOnPrimary(TransportWriteAction.java:50),29,org.elasticsearch.action.support.replication.TransportWriteAction.shardOperationOnPrimary,50
ES,ES-21911,1.81,127994,50,ArrayIndexOutOfBoundsException,org.elasticsearch.action.support.replication.TransportReplicationAction$PrimaryShardReference.perform(TransportReplicationAction.java:903),30,org.elasticsearch.action.support.replication.TransportReplicationAction$PrimaryShardReference.perform,903
ES,ES-21911,1.81,127994,50,ArrayIndexOutOfBoundsException,org.elasticsearch.action.support.replication.TransportReplicationAction$PrimaryShardReference.perform(TransportReplicationAction.java:873),31,org.elasticsearch.action.support.replication.TransportReplicationAction$PrimaryShardReference.perform,873
ES,ES-21911,1.81,127994,50,ArrayIndexOutOfBoundsException,org.elasticsearch.action.support.replication.ReplicationOperation.execute(ReplicationOperation.java:113),32,org.elasticsearch.action.support.replication.ReplicationOperation.execute,113
ES,ES-21911,1.81,127994,50,ArrayIndexOutOfBoundsException,org.elasticsearch.action.support.replication.TransportReplicationAction$AsyncPrimaryAction.onResponse(TransportReplicationAction.java:319),33,org.elasticsearch.action.support.replication.TransportReplicationAction$AsyncPrimaryAction.onResponse,319
ES,ES-21911,1.81,127994,50,ArrayIndexOutOfBoundsException,org.elasticsearch.action.support.replication.TransportReplicationAction$AsyncPrimaryAction.onResponse(TransportReplicationAction.java:254),34,org.elasticsearch.action.support.replication.TransportReplicationAction$AsyncPrimaryAction.onResponse,254
ES,ES-21911,1.81,127994,50,ArrayIndexOutOfBoundsException,org.elasticsearch.action.support.replication.TransportReplicationAction$1.onResponse(TransportReplicationAction.java:839),35,org.elasticsearch.action.support.replication.TransportReplicationAction$1.onResponse,839
ES,ES-21911,1.81,127994,50,ArrayIndexOutOfBoundsException,org.elasticsearch.action.support.replication.TransportReplicationAction$1.onResponse(TransportReplicationAction.java:836),36,org.elasticsearch.action.support.replication.TransportReplicationAction$1.onResponse,836
ES,ES-21911,1.81,127994,50,ArrayIndexOutOfBoundsException,org.elasticsearch.index.shard.IndexShardOperationsLock.acquire(IndexShardOperationsLock.java:142),37,org.elasticsearch.index.shard.IndexShardOperationsLock.acquire,142
ES,ES-21911,1.81,127994,50,ArrayIndexOutOfBoundsException,org.elasticsearch.index.shard.IndexShard.acquirePrimaryOperationLock(IndexShard.java:1655),38,org.elasticsearch.index.shard.IndexShard.acquirePrimaryOperationLock,1655
ES,ES-21911,1.81,127994,50,ArrayIndexOutOfBoundsException,org.elasticsearch.action.support.replication.TransportReplicationAction.acquirePrimaryShardReference(TransportReplicationAction.java:848),39,org.elasticsearch.action.support.replication.TransportReplicationAction.acquirePrimaryShardReference,848
ES,ES-21911,1.81,127994,50,ArrayIndexOutOfBoundsException,org.elasticsearch.action.support.replication.TransportReplicationAction$AsyncPrimaryAction.doRun(TransportReplicationAction.java:271),40,org.elasticsearch.action.support.replication.TransportReplicationAction$AsyncPrimaryAction.doRun,271
ES,ES-21911,1.81,127994,50,ArrayIndexOutOfBoundsException,org.elasticsearch.common.util.concurrent.AbstractRunnable.run(AbstractRunnable.java:37),41,org.elasticsearch.common.util.concurrent.AbstractRunnable.run,37
ES,ES-21911,1.81,127994,50,ArrayIndexOutOfBoundsException,org.elasticsearch.action.support.replication.TransportReplicationAction$PrimaryOperationTransportHandler.messageReceived(TransportReplicationAction.java:250),42,org.elasticsearch.action.support.replication.TransportReplicationAction$PrimaryOperationTransportHandler.messageReceived,250
ES,ES-21911,1.81,127994,50,ArrayIndexOutOfBoundsException,org.elasticsearch.action.support.replication.TransportReplicationAction$PrimaryOperationTransportHandler.messageReceived(TransportReplicationAction.java:242),43,org.elasticsearch.action.support.replication.TransportReplicationAction$PrimaryOperationTransportHandler.messageReceived,242
ES,ES-21911,1.81,127994,50,ArrayIndexOutOfBoundsException,org.elasticsearch.transport.RequestHandlerRegistry.processMessageReceived(RequestHandlerRegistry.java:69),44,org.elasticsearch.transport.RequestHandlerRegistry.processMessageReceived,69
ES,ES-21911,1.81,127994,50,ArrayIndexOutOfBoundsException,org.elasticsearch.transport.TransportService$6.doRun(TransportService.java:550),45,org.elasticsearch.transport.TransportService$6.doRun,550
ES,ES-21911,1.81,127994,50,ArrayIndexOutOfBoundsException,org.elasticsearch.common.util.concurrent.ThreadContext$ContextPreservingAbstractRunnable.doRun(ThreadContext.java:527),46,org.elasticsearch.common.util.concurrent.ThreadContext$ContextPreservingAbstractRunnable.doRun,527
ES,ES-21911,1.81,127994,50,ArrayIndexOutOfBoundsException,org.elasticsearch.common.util.concurrent.AbstractRunnable.run(AbstractRunnable.java:37),47,org.elasticsearch.common.util.concurrent.AbstractRunnable.run,37
ES,ES-22786,1.84,159357,6,ArrayIndexOutOfBoundsException,org.elasticsearch.common.geo.builders.BasePolygonBuilder.assign(BasePolygonBuilder.java:423),1,org.elasticsearch.common.geo.builders.BasePolygonBuilder.assign,423
ES,ES-22786,1.84,159357,6,ArrayIndexOutOfBoundsException,org.elasticsearch.common.geo.builders.BasePolygonBuilder.compose(BasePolygonBuilder.java:395),2,org.elasticsearch.common.geo.builders.BasePolygonBuilder.compose,395
ES,ES-22786,1.84,159357,6,ArrayIndexOutOfBoundsException,org.elasticsearch.common.geo.builders.BasePolygonBuilder.coordinates(BasePolygonBuilder.java:160),3,org.elasticsearch.common.geo.builders.BasePolygonBuilder.coordinates,160
ES,ES-22786,1.84,159357,6,ArrayIndexOutOfBoundsException,org.elasticsearch.common.geo.builders.BasePolygonBuilder.buildGeometry(BasePolygonBuilder.java:189),4,org.elasticsearch.common.geo.builders.BasePolygonBuilder.buildGeometry,189
ES,ES-22786,1.84,159357,6,ArrayIndexOutOfBoundsException,org.elasticsearch.common.geo.builders.BasePolygonBuilder.build(BasePolygonBuilder.java:165),5,org.elasticsearch.common.geo.builders.BasePolygonBuilder.build,165
ES,ES-22786,1.84,159357,6,ArrayIndexOutOfBoundsException,org.elasticsearch.index.mapper.geo.GeoShapeFieldMapper.parse(GeoShapeFieldMapper.java:446),6,org.elasticsearch.index.mapper.geo.GeoShapeFieldMapper.parse,446
ES,ES-23324,1.8,123719,2,ArrayIndexOutOfBoundsException,org.elasticsearch.action.search.SearchPhaseController.sortDocs(SearchPhaseController.java:214),1,org.elasticsearch.action.search.SearchPhaseController.sortDocs,214
ES,ES-23324,1.8,123719,2,ArrayIndexOutOfBoundsException,org.elasticsearch.action.search.SearchQueryThenFetchAsyncAction.moveToSecondPhase(SearchQueryThenFetchAsyncAction.java:80),2,org.elasticsearch.action.search.SearchQueryThenFetchAsyncAction.moveToSecondPhase,80
ES,ES-24674,1.76,95334,16,ArrayIndexOutOfBoundsException,org.elasticsearch.search.fetch.subphase.highlight.FastVectorHighlighter.highlight(FastVectorHighlighter.java:91),6,org.elasticsearch.search.fetch.subphase.highlight.FastVectorHighlighter.highlight,91
ES,ES-24674,1.76,95334,16,ArrayIndexOutOfBoundsException,org.elasticsearch.search.fetch.subphase.highlight.HighlightPhase.hitExecute(HighlightPhase.java:124),7,org.elasticsearch.search.fetch.subphase.highlight.HighlightPhase.hitExecute,124
ES,ES-24674,1.76,95334,16,ArrayIndexOutOfBoundsException,org.elasticsearch.search.fetch.FetchPhase.execute(FetchPhase.java:163),8,org.elasticsearch.search.fetch.FetchPhase.execute,163
ES,ES-24674,1.76,95334,16,ArrayIndexOutOfBoundsException,org.elasticsearch.search.SearchService.executeFetchPhase(SearchService.java:294),9,org.elasticsearch.search.SearchService.executeFetchPhase,294
ES,ES-24674,1.76,95334,16,ArrayIndexOutOfBoundsException,org.elasticsearch.search.SearchService.executeQueryPhase(SearchService.java:271),10,org.elasticsearch.search.SearchService.executeQueryPhase,271
ES,ES-24674,1.76,95334,16,ArrayIndexOutOfBoundsException,org.elasticsearch.action.search.SearchTransportService$6.messageReceived(SearchTransportService.java:331),11,org.elasticsearch.action.search.SearchTransportService$6.messageReceived,331
ES,ES-24674,1.76,95334,16,ArrayIndexOutOfBoundsException,org.elasticsearch.action.search.SearchTransportService$6.messageReceived(SearchTransportService.java:328),12,org.elasticsearch.action.search.SearchTransportService$6.messageReceived,328
ES,ES-24674,1.76,95334,16,ArrayIndexOutOfBoundsException,org.elasticsearch.transport.RequestHandlerRegistry.processMessageReceived(RequestHandlerRegistry.java:69),13,org.elasticsearch.transport.RequestHandlerRegistry.processMessageReceived,69
ES,ES-24674,1.76,95334,16,ArrayIndexOutOfBoundsException,org.elasticsearch.transport.TransportService$7.doRun(TransportService.java:618) ~[elasticsearch-5.3.0.jar:5.3.0],14,org.elasticsearch.transport.TransportService$7.doRun,618
ES,ES-24674,1.76,95334,16,ArrayIndexOutOfBoundsException,org.elasticsearch.common.util.concurrent.ThreadContext$ContextPreservingAbstractRunnable.doRun(ThreadContext.java:613) ~[elasticsearch-5.3.0.jar:5.3.0],15,org.elasticsearch.common.util.concurrent.ThreadContext$ContextPreservingAbstractRunnable.doRun,613
ES,ES-24674,1.76,95334,16,ArrayIndexOutOfBoundsException,org.elasticsearch.common.util.concurrent.AbstractRunnable.run(AbstractRunnable.java:37),16,org.elasticsearch.common.util.concurrent.AbstractRunnable.run,37
ES,ES-25933,1.82,121424,5,ArrayIndexOutOfBoundsException,org.elasticsearch.common.geo.builders.PolygonBuilder.assign(PolygonBuilder.java:483),1,org.elasticsearch.common.geo.builders.PolygonBuilder.assign,483
ES,ES-25933,1.82,121424,5,ArrayIndexOutOfBoundsException,org.elasticsearch.common.geo.builders.PolygonBuilder.compose(PolygonBuilder.java:455),2,org.elasticsearch.common.geo.builders.PolygonBuilder.compose,455
ES,ES-25933,1.82,121424,5,ArrayIndexOutOfBoundsException,org.elasticsearch.common.geo.builders.PolygonBuilder.coordinates(PolygonBuilder.java:221),3,org.elasticsearch.common.geo.builders.PolygonBuilder.coordinates,221
ES,ES-25933,1.82,121424,5,ArrayIndexOutOfBoundsException,org.elasticsearch.common.geo.builders.MultiPolygonBuilder.build(MultiPolygonBuilder.java:129),4,org.elasticsearch.common.geo.builders.MultiPolygonBuilder.build,129
ES,ES-25933,1.82,121424,5,ArrayIndexOutOfBoundsException,org.elasticsearch.index.mapper.GeoShapeFieldMapper.parse(GeoShapeFieldMapper.java:455),5,org.elasticsearch.index.mapper.GeoShapeFieldMapper.parse,455
LANG,LANG-12b,3.26,14245,2,ArrayIndexOutOfBoundsException,org.apache.commons.lang3.RandomStringUtils.random(RandomStringUtils.java:248),1,org.apache.commons.lang3.RandomStringUtils.random,248
LANG,LANG-12b,3.26,14245,2,ArrayIndexOutOfBoundsException,org.apache.commons.lang3.RandomStringUtils.random(RandomStringUtils.java:321),2,org.apache.commons.lang3.RandomStringUtils.random,321
LANG,LANG-9b,3.25,14334,10,ArrayIndexOutOfBoundsException,org.apache.commons.lang3.time.FastDateParser.toArray(FastDateParser.java:413),1,org.apache.commons.lang3.time.FastDateParser.toArray,413
LANG,LANG-9b,3.25,14334,10,ArrayIndexOutOfBoundsException,org.apache.commons.lang3.time.FastDateParser.getDisplayNames(FastDateParser.java:381),2,org.apache.commons.lang3.time.FastDateParser.getDisplayNames,381
LANG,LANG-9b,3.25,14334,10,ArrayIndexOutOfBoundsException,org.apache.commons.lang3.time.FastDateParser$TextStrategy.addRegex(FastDateParser.java:664),3,org.apache.commons.lang3.time.FastDateParser$TextStrategy.addRegex,664
LANG,LANG-9b,3.25,14334,10,ArrayIndexOutOfBoundsException,org.apache.commons.lang3.time.FastDateParser.init(FastDateParser.java:138),4,org.apache.commons.lang3.time.FastDateParser.init,138
LANG,LANG-9b,3.25,14334,10,ArrayIndexOutOfBoundsException,org.apache.commons.lang3.time.FastDateParser.<init>(FastDateParser.java:108),5,org.apache.commons.lang3.time.FastDateParser.<init>,108
LANG,LANG-9b,3.25,14334,10,ArrayIndexOutOfBoundsException,org.apache.commons.lang3.time.FastDateFormat.<init>(FastDateFormat.java:370),6,org.apache.commons.lang3.time.FastDateFormat.<init>,370
LANG,LANG-9b,3.25,14334,10,ArrayIndexOutOfBoundsException,org.apache.commons.lang3.time.FastDateFormat$1.createInstance(FastDateFormat.java:91),7,org.apache.commons.lang3.time.FastDateFormat$1.createInstance,91
LANG,LANG-9b,3.25,14334,10,ArrayIndexOutOfBoundsException,org.apache.commons.lang3.time.FastDateFormat$1.createInstance(FastDateFormat.java:88),8,org.apache.commons.lang3.time.FastDateFormat$1.createInstance,88
LANG,LANG-9b,3.25,14334,10,ArrayIndexOutOfBoundsException,org.apache.commons.lang3.time.FormatCache.getInstance(FormatCache.java:82),9,org.apache.commons.lang3.time.FormatCache.getInstance,82
LANG,LANG-9b,3.25,14334,10,ArrayIndexOutOfBoundsException,org.apache.commons.lang3.time.FastDateFormat.getInstance(FastDateFormat.java:165),10,org.apache.commons.lang3.time.FastDateFormat.getInstance,165
MATH,MATH-100b,2.30,11547,1,ArrayIndexOutOfBoundsException,org.apache.commons.math.estimation.AbstractEstimator.getCovariances(AbstractEstimator.java:173),1,org.apache.commons.math.estimation.AbstractEstimator.getCovariances,173
MATH,MATH-3b,2.65,53411,1,ArrayIndexOutOfBoundsException,org.apache.commons.math3.util.MathArrays.linearCombination(MathArrays.java:846),1,org.apache.commons.math3.util.MathArrays.linearCombination,846
MATH,MATH-81b,2.30,25869,6,ArrayIndexOutOfBoundsException,org.apache.commons.math.linear.EigenDecompositionImpl.computeShiftIncrement(EigenDecompositionImpl.java:1544),1,org.apache.commons.math.linear.EigenDecompositionImpl.computeShiftIncrement,1544
MATH,MATH-81b,2.30,25869,6,ArrayIndexOutOfBoundsException,org.apache.commons.math.linear.EigenDecompositionImpl.goodStep(EigenDecompositionImpl.java:1071),2,org.apache.commons.math.linear.EigenDecompositionImpl.goodStep,1071
MATH,MATH-81b,2.30,25869,6,ArrayIndexOutOfBoundsException,org.apache.commons.math.linear.EigenDecompositionImpl.processGeneralBlock(EigenDecompositionImpl.java:893),3,org.apache.commons.math.linear.EigenDecompositionImpl.processGeneralBlock,893
MATH,MATH-81b,2.30,25869,6,ArrayIndexOutOfBoundsException,org.apache.commons.math.linear.EigenDecompositionImpl.findEigenvalues(EigenDecompositionImpl.java:657),4,org.apache.commons.math.linear.EigenDecompositionImpl.findEigenvalues,657
MATH,MATH-81b,2.30,25869,6,ArrayIndexOutOfBoundsException,org.apache.commons.math.linear.EigenDecompositionImpl.decompose(EigenDecompositionImpl.java:246),5,org.apache.commons.math.linear.EigenDecompositionImpl.decompose,246
MATH,MATH-81b,2.30,25869,6,ArrayIndexOutOfBoundsException,org.apache.commons.math.linear.EigenDecompositionImpl.<init>(EigenDecompositionImpl.java:205),6,org.apache.commons.math.linear.EigenDecompositionImpl.<init>,205
MATH,MATH-98b,2.33,11753,1,ArrayIndexOutOfBoundsException,org.apache.commons.math.linear.BigMatrixImpl.operate(BigMatrixImpl.java:997),1,org.apache.commons.math.linear.BigMatrixImpl.operate,997
MOCKITO,MOCKITO-34b,1.80,4609,1,ArrayIndexOutOfBoundsException,org.mockito.internal.invocation.InvocationMatcher.captureArgumentsFrom(InvocationMatcher.java:107),1,org.mockito.internal.invocation.InvocationMatcher.captureArgumentsFrom,107
MOCKITO,MOCKITO-3b,1.78,7465,11,ArrayIndexOutOfBoundsException,org.mockito.internal.invocation.InvocationMatcher.captureArgumentsFrom(InvocationMatcher.java:130),1,org.mockito.internal.invocation.InvocationMatcher.captureArgumentsFrom,130
MOCKITO,MOCKITO-3b,1.78,7465,11,ArrayIndexOutOfBoundsException,org.mockito.internal.invocation.InvocationMarker.markVerified(InvocationMarker.java:22),2,org.mockito.internal.invocation.InvocationMarker.markVerified,22
MOCKITO,MOCKITO-3b,1.78,7465,11,ArrayIndexOutOfBoundsException,org.mockito.internal.invocation.InvocationMarker.markVerified(InvocationMarker.java:16),3,org.mockito.internal.invocation.InvocationMarker.markVerified,16
MOCKITO,MOCKITO-3b,1.78,7465,11,ArrayIndexOutOfBoundsException,org.mockito.internal.verification.checkers.NumberOfInvocationsChecker.check(NumberOfInvocationsChecker.java:48),4,org.mockito.internal.verification.checkers.NumberOfInvocationsChecker.check,48
MOCKITO,MOCKITO-3b,1.78,7465,11,ArrayIndexOutOfBoundsException,org.mockito.internal.verification.Times.verify(Times.java:39),5,org.mockito.internal.verification.Times.verify,39
MOCKITO,MOCKITO-3b,1.78,7465,11,ArrayIndexOutOfBoundsException,org.mockito.internal.verification.MockAwareVerificationMode.verify(MockAwareVerificationMode.java:21),6,org.mockito.internal.verification.MockAwareVerificationMode.verify,21
MOCKITO,MOCKITO-3b,1.78,7465,11,ArrayIndexOutOfBoundsException,org.mockito.internal.handler.MockHandlerImpl.handle(MockHandlerImpl.java:76),7,org.mockito.internal.handler.MockHandlerImpl.handle,76
MOCKITO,MOCKITO-3b,1.78,7465,11,ArrayIndexOutOfBoundsException,org.mockito.internal.handler.NullResultGuardian.handle(NullResultGuardian.java:29),8,org.mockito.internal.handler.NullResultGuardian.handle,29
MOCKITO,MOCKITO-3b,1.78,7465,11,ArrayIndexOutOfBoundsException,org.mockito.internal.handler.InvocationNotifierHandler.handle(InvocationNotifierHandler.java:37),9,org.mockito.internal.handler.InvocationNotifierHandler.handle,37
MOCKITO,MOCKITO-3b,1.78,7465,11,ArrayIndexOutOfBoundsException,org.mockito.internal.creation.bytebuddy.MockMethodInterceptor.doIntercept(MockMethodInterceptor.java:82),10,org.mockito.internal.creation.bytebuddy.MockMethodInterceptor.doIntercept,82
MOCKITO,MOCKITO-3b,1.78,7465,11,ArrayIndexOutOfBoundsException,org.mockito.internal.creation.bytebuddy.MockMethodInterceptor.interceptAbstract(MockMethodInterceptor.java:70),11,org.mockito.internal.creation.bytebuddy.MockMethodInterceptor.interceptAbstract,70
CHART,CHART-13b,2.77,59088,6,IllegalArgumentException,org.jfree.chart.block.BorderArrangement.arrangeFF(BorderArrangement.java:454),2,org.jfree.chart.block.BorderArrangement.arrangeFF,454
CHART,CHART-13b,2.77,59088,6,IllegalArgumentException,org.jfree.chart.block.BorderArrangement.arrange(BorderArrangement.java:152),3,org.jfree.chart.block.BorderArrangement.arrange,152
CHART,CHART-13b,2.77,59088,6,IllegalArgumentException,org.jfree.chart.block.BorderArrangement.arrangeFN(BorderArrangement.java:323),4,org.jfree.chart.block.BorderArrangement.arrangeFN,323
CHART,CHART-13b,2.77,59088,6,IllegalArgumentException,org.jfree.chart.block.BorderArrangement.arrange(BorderArrangement.java:149),5,org.jfree.chart.block.BorderArrangement.arrange,149
CHART,CHART-13b,2.77,59088,6,IllegalArgumentException,org.jfree.chart.block.BlockContainer.arrange(BlockContainer.java:182),6,org.jfree.chart.block.BlockContainer.arrange,182
ES,ES-14457,1.93,167082,9,IllegalArgumentException,org.elasticsearch.transport.netty.NettyTransport.parse(NettyTransport.java:668),1,org.elasticsearch.transport.netty.NettyTransport.parse,668
ES,ES-14457,1.93,167082,9,IllegalArgumentException,org.elasticsearch.transport.netty.NettyTransport.addressesFromString(NettyTransport.java:620),2,org.elasticsearch.transport.netty.NettyTransport.addressesFromString,620
ES,ES-14457,1.93,167082,9,IllegalArgumentException,org.elasticsearch.transport.TransportService.addressesFromString(TransportService.java:398),3,org.elasticsearch.transport.TransportService.addressesFromString,398
ES,ES-14457,1.93,167082,9,IllegalArgumentException,org.elasticsearch.discovery.zen.ping.unicast.UnicastZenPing.<init>(UnicastZenPing.java:141),4,org.elasticsearch.discovery.zen.ping.unicast.UnicastZenPing.<init>,141
ES,ES-14457,1.93,167082,9,IllegalArgumentException,org.elasticsearch.node.Node.<init>(Node.java:198),5,org.elasticsearch.node.Node.<init>,198
ES,ES-14457,1.93,167082,9,IllegalArgumentException,org.elasticsearch.node.NodeBuilder.build(NodeBuilder.java:145),6,org.elasticsearch.node.NodeBuilder.build,145
ES,ES-14457,1.93,167082,9,IllegalArgumentException,org.elasticsearch.bootstrap.Bootstrap.setup(Bootstrap.java:170),7,org.elasticsearch.bootstrap.Bootstrap.setup,170
ES,ES-14457,1.93,167082,9,IllegalArgumentException,org.elasticsearch.bootstrap.Bootstrap.init(Bootstrap.java:270),8,org.elasticsearch.bootstrap.Bootstrap.init,270
ES,ES-14457,1.93,167082,9,IllegalArgumentException,org.elasticsearch.bootstrap.Elasticsearch.main(Elasticsearch.java:35),9,org.elasticsearch.bootstrap.Elasticsearch.main,35
ES,ES-20045,1.78,112307,15,IllegalArgumentException,org.elasticsearch.common.settings.AbstractScopedSettings.validate(AbstractScopedSettings.java:270),1,org.elasticsearch.common.settings.AbstractScopedSettings.validate,270
ES,ES-20045,1.78,112307,15,IllegalArgumentException,org.elasticsearch.common.settings.AbstractScopedSettings.validate(AbstractScopedSettings.java:238),2,org.elasticsearch.common.settings.AbstractScopedSettings.validate,238
ES,ES-20045,1.78,112307,15,IllegalArgumentException,org.elasticsearch.common.settings.SettingsModule.<init>(SettingsModule.java:138),3,org.elasticsearch.common.settings.SettingsModule.<init>,138
ES,ES-20045,1.78,112307,15,IllegalArgumentException,org.elasticsearch.node.Node.<init>(Node.java:236),4,org.elasticsearch.node.Node.<init>,236
ES,ES-20045,1.78,112307,15,IllegalArgumentException,org.elasticsearch.node.Node.<init>(Node.java:173),5,org.elasticsearch.node.Node.<init>,173
ES,ES-20045,1.78,112307,15,IllegalArgumentException,org.elasticsearch.bootstrap.Bootstrap$5.<init>(Bootstrap.java:175),6,org.elasticsearch.bootstrap.Bootstrap$5.<init>,175
ES,ES-20045,1.78,112307,15,IllegalArgumentException,org.elasticsearch.bootstrap.Bootstrap.setup(Bootstrap.java:175),7,org.elasticsearch.bootstrap.Bootstrap.setup,175
ES,ES-20045,1.78,112307,15,IllegalArgumentException,org.elasticsearch.bootstrap.Bootstrap.init(Bootstrap.java:250),8,org.elasticsearch.bootstrap.Bootstrap.init,250
ES,ES-20045,1.78,112307,15,IllegalArgumentException,org.elasticsearch.bootstrap.Elasticsearch.init(Elasticsearch.java:96),9,org.elasticsearch.bootstrap.Elasticsearch.init,96
ES,ES-20045,1.78,112307,15,IllegalArgumentException,org.elasticsearch.bootstrap.Elasticsearch.execute(Elasticsearch.java:91),10,org.elasticsearch.bootstrap.Elasticsearch.execute,91
ES,ES-20045,1.78,112307,15,IllegalArgumentException,org.elasticsearch.cli.SettingCommand.execute(SettingCommand.java:54),11,org.elasticsearch.cli.SettingCommand.execute,54
ES,ES-20045,1.78,112307,15,IllegalArgumentException,org.elasticsearch.cli.Command.mainWithoutErrorHandling(Command.java:91),12,org.elasticsearch.cli.Command.mainWithoutErrorHandling,91
ES,ES-20045,1.78,112307,15,IllegalArgumentException,org.elasticsearch.cli.Command.main(Command.java:53),13,org.elasticsearch.cli.Command.main,53
ES,ES-20045,1.78,112307,15,IllegalArgumentException,org.elasticsearch.bootstrap.Elasticsearch.main(Elasticsearch.java:70),14,org.elasticsearch.bootstrap.Elasticsearch.main,70
ES,ES-20045,1.78,112307,15,IllegalArgumentException,org.elasticsearch.bootstrap.Elasticsearch.main(Elasticsearch.java:63),15,org.elasticsearch.bootstrap.Elasticsearch.main,63
ES,ES-20333,1.85,146763,14,IllegalArgumentException,org.elasticsearch.search.query.QueryPhase.execute(QueryPhase.java:384),14,org.elasticsearch.search.query.QueryPhase.execute,384
ES,ES-20479,1.84,147054,40,IllegalArgumentException,org.elasticsearch.index.analysis.CustomAnalyzerProvider.build(CustomAnalyzerProvider.java:76),1,org.elasticsearch.index.analysis.CustomAnalyzerProvider.build,76
ES,ES-20479,1.84,147054,40,IllegalArgumentException,org.elasticsearch.index.analysis.AnalysisService.<init>(AnalysisService.java:216),2,org.elasticsearch.index.analysis.AnalysisService.<init>,216
ES,ES-20479,1.84,147054,40,IllegalArgumentException,org.elasticsearch.index.analysis.AnalysisService.<init>(AnalysisService.java:70),3,org.elasticsearch.index.analysis.AnalysisService.<init>,70
ES,ES-20479,1.84,147054,40,IllegalArgumentException,org.elasticsearch.common.inject.DefaultConstructionProxyFactory$1.newInstance(DefaultConstructionProxyFactory.java:50),6,org.elasticsearch.common.inject.DefaultConstructionProxyFactory$1.newInstance,50
ES,ES-20479,1.84,147054,40,IllegalArgumentException,org.elasticsearch.common.inject.ConstructorInjector.construct(ConstructorInjector.java:86),7,org.elasticsearch.common.inject.ConstructorInjector.construct,86
ES,ES-20479,1.84,147054,40,IllegalArgumentException,org.elasticsearch.common.inject.ConstructorBindingImpl$Factory.get(ConstructorBindingImpl.java:104),8,org.elasticsearch.common.inject.ConstructorBindingImpl$Factory.get,104
ES,ES-20479,1.84,147054,40,IllegalArgumentException,org.elasticsearch.common.inject.ProviderToInternalFactoryAdapter$1.call(ProviderToInternalFactoryAdapter.java:47),9,org.elasticsearch.common.inject.ProviderToInternalFactoryAdapter$1.call,47
ES,ES-20479,1.84,147054,40,IllegalArgumentException,org.elasticsearch.common.inject.InjectorImpl.callInContext(InjectorImpl.java:886),10,org.elasticsearch.common.inject.InjectorImpl.callInContext,886
ES,ES-20479,1.84,147054,40,IllegalArgumentException,org.elasticsearch.common.inject.ProviderToInternalFactoryAdapter.get(ProviderToInternalFactoryAdapter.java:43),11,org.elasticsearch.common.inject.ProviderToInternalFactoryAdapter.get,43
ES,ES-20479,1.84,147054,40,IllegalArgumentException,org.elasticsearch.common.inject.Scopes$1$1.get(Scopes.java:59),12,org.elasticsearch.common.inject.Scopes$1$1.get,59
ES,ES-20479,1.84,147054,40,IllegalArgumentException,org.elasticsearch.common.inject.InternalFactoryToProviderAdapter.get(InternalFactoryToProviderAdapter.java:46),13,org.elasticsearch.common.inject.InternalFactoryToProviderAdapter.get,46
ES,ES-20479,1.84,147054,40,IllegalArgumentException,org.elasticsearch.common.inject.SingleParameterInjector.inject(SingleParameterInjector.java:42),14,org.elasticsearch.common.inject.SingleParameterInjector.inject,42
ES,ES-20479,1.84,147054,40,IllegalArgumentException,org.elasticsearch.common.inject.SingleParameterInjector.getAll(SingleParameterInjector.java:66),15,org.elasticsearch.common.inject.SingleParameterInjector.getAll,66
ES,ES-20479,1.84,147054,40,IllegalArgumentException,org.elasticsearch.common.inject.ConstructorInjector.construct(ConstructorInjector.java:85),16,org.elasticsearch.common.inject.ConstructorInjector.construct,85
ES,ES-20479,1.84,147054,40,IllegalArgumentException,org.elasticsearch.common.inject.ConstructorBindingImpl$Factory.get(ConstructorBindingImpl.java:104),17,org.elasticsearch.common.inject.ConstructorBindingImpl$Factory.get,104
ES,ES-20479,1.84,147054,40,IllegalArgumentException,org.elasticsearch.common.inject.ProviderToInternalFactoryAdapter$1.call(ProviderToInternalFactoryAdapter.java:47),18,org.elasticsearch.common.inject.ProviderToInternalFactoryAdapter$1.call,47
ES,ES-20479,1.84,147054,40,IllegalArgumentException,org.elasticsearch.common.inject.InjectorImpl.callInContext(InjectorImpl.java:886),19,org.elasticsearch.common.inject.InjectorImpl.callInContext,886
ES,ES-20479,1.84,147054,40,IllegalArgumentException,org.elasticsearch.common.inject.ProviderToInternalFactoryAdapter.get(ProviderToInternalFactoryAdapter.java:43),20,org.elasticsearch.common.inject.ProviderToInternalFactoryAdapter.get,43
ES,ES-20479,1.84,147054,40,IllegalArgumentException,org.elasticsearch.common.inject.Scopes$1$1.get(Scopes.java:59),21,org.elasticsearch.common.inject.Scopes$1$1.get,59
ES,ES-20479,1.84,147054,40,IllegalArgumentException,org.elasticsearch.common.inject.InternalFactoryToProviderAdapter.get(InternalFactoryToProviderAdapter.java:46),22,org.elasticsearch.common.inject.InternalFactoryToProviderAdapter.get,46
ES,ES-20479,1.84,147054,40,IllegalArgumentException,org.elasticsearch.common.inject.SingleParameterInjector.inject(SingleParameterInjector.java:42),23,org.elasticsearch.common.inject.SingleParameterInjector.inject,42
ES,ES-20479,1.84,147054,40,IllegalArgumentException,org.elasticsearch.common.inject.SingleParameterInjector.getAll(SingleParameterInjector.java:66),24,org.elasticsearch.common.inject.SingleParameterInjector.getAll,66
ES,ES-20479,1.84,147054,40,IllegalArgumentException,org.elasticsearch.common.inject.ConstructorInjector.construct(ConstructorInjector.java:85),25,org.elasticsearch.common.inject.ConstructorInjector.construct,85
ES,ES-20479,1.84,147054,40,IllegalArgumentException,org.elasticsearch.common.inject.ConstructorBindingImpl$Factory.get(ConstructorBindingImpl.java:104),26,org.elasticsearch.common.inject.ConstructorBindingImpl$Factory.get,104
ES,ES-20479,1.84,147054,40,IllegalArgumentException,org.elasticsearch.common.inject.ProviderToInternalFactoryAdapter$1.call(ProviderToInternalFactoryAdapter.java:47),27,org.elasticsearch.common.inject.ProviderToInternalFactoryAdapter$1.call,47
ES,ES-20479,1.84,147054,40,IllegalArgumentException,org.elasticsearch.common.inject.InjectorImpl.callInContext(InjectorImpl.java:886),28,org.elasticsearch.common.inject.InjectorImpl.callInContext,886
ES,ES-20479,1.84,147054,40,IllegalArgumentException,org.elasticsearch.common.inject.ProviderToInternalFactoryAdapter.get(ProviderToInternalFactoryAdapter.java:43),29,org.elasticsearch.common.inject.ProviderToInternalFactoryAdapter.get,43
ES,ES-20479,1.84,147054,40,IllegalArgumentException,org.elasticsearch.common.inject.Scopes$1$1.get(Scopes.java:59),30,org.elasticsearch.common.inject.Scopes$1$1.get,59
ES,ES-20479,1.84,147054,40,IllegalArgumentException,org.elasticsearch.common.inject.InternalFactoryToProviderAdapter.get(InternalFactoryToProviderAdapter.java:46),31,org.elasticsearch.common.inject.InternalFactoryToProviderAdapter.get,46
ES,ES-20479,1.84,147054,40,IllegalArgumentException,org.elasticsearch.common.inject.InjectorBuilder$1.call(InjectorBuilder.java:201),32,org.elasticsearch.common.inject.InjectorBuilder$1.call,201
ES,ES-20479,1.84,147054,40,IllegalArgumentException,org.elasticsearch.common.inject.InjectorBuilder$1.call(InjectorBuilder.java:193),33,org.elasticsearch.common.inject.InjectorBuilder$1.call,193
ES,ES-20479,1.84,147054,40,IllegalArgumentException,org.elasticsearch.common.inject.InjectorImpl.callInContext(InjectorImpl.java:879),34,org.elasticsearch.common.inject.InjectorImpl.callInContext,879
ES,ES-20479,1.84,147054,40,IllegalArgumentException,org.elasticsearch.common.inject.InjectorBuilder.loadEagerSingletons(InjectorBuilder.java:193),35,org.elasticsearch.common.inject.InjectorBuilder.loadEagerSingletons,193
ES,ES-20479,1.84,147054,40,IllegalArgumentException,org.elasticsearch.common.inject.InjectorBuilder.injectDynamically(InjectorBuilder.java:175),36,org.elasticsearch.common.inject.InjectorBuilder.injectDynamically,175
ES,ES-20479,1.84,147054,40,IllegalArgumentException,org.elasticsearch.common.inject.InjectorBuilder.build(InjectorBuilder.java:110),37,org.elasticsearch.common.inject.InjectorBuilder.build,110
ES,ES-20479,1.84,147054,40,IllegalArgumentException,org.elasticsearch.common.inject.InjectorImpl.createChildInjector(InjectorImpl.java:154),38,org.elasticsearch.common.inject.InjectorImpl.createChildInjector,154
ES,ES-20479,1.84,147054,40,IllegalArgumentException,org.elasticsearch.common.inject.ModulesBuilder.createChildInjector(ModulesBuilder.java:55),39,org.elasticsearch.common.inject.ModulesBuilder.createChildInjector,55
ES,ES-20479,1.84,147054,40,IllegalArgumentException,org.elasticsearch.indices.IndicesService.createIndex(IndicesService.java:358),40,org.elasticsearch.indices.IndicesService.createIndex,358
ES,ES-21457,1.76,100755,14,IllegalArgumentException,org.elasticsearch.index.query.QueryShardContext.failIfFrozen(QueryShardContext.java:396),1,org.elasticsearch.index.query.QueryShardContext.failIfFrozen,396
ES,ES-21457,1.76,100755,14,IllegalArgumentException,org.elasticsearch.index.query.QueryShardContext.nowInMillis(QueryShardContext.java:278),2,org.elasticsearch.index.query.QueryShardContext.nowInMillis,278
ES,ES-21457,1.76,100755,14,IllegalArgumentException,org.elasticsearch.index.mapper.TTLFieldMapper$TTLFieldType.valueForSearch(TTLFieldMapper.java:146),3,org.elasticsearch.index.mapper.TTLFieldMapper$TTLFieldType.valueForSearch,146
ES,ES-21457,1.76,100755,14,IllegalArgumentException,org.elasticsearch.index.fieldvisitor.FieldsVisitor.postProcess(FieldsVisitor.java:93),4,org.elasticsearch.index.fieldvisitor.FieldsVisitor.postProcess,93
ES,ES-21457,1.76,100755,14,IllegalArgumentException,org.elasticsearch.search.fetch.FetchPhase.createSearchHit(FetchPhase.java:187),5,org.elasticsearch.search.fetch.FetchPhase.createSearchHit,187
ES,ES-21457,1.76,100755,14,IllegalArgumentException,org.elasticsearch.search.fetch.FetchPhase.execute(FetchPhase.java:152),6,org.elasticsearch.search.fetch.FetchPhase.execute,152
ES,ES-21457,1.76,100755,14,IllegalArgumentException,org.elasticsearch.search.SearchService.executeFetchPhase(SearchService.java:474),7,org.elasticsearch.search.SearchService.executeFetchPhase,474
ES,ES-21457,1.76,100755,14,IllegalArgumentException,org.elasticsearch.action.search.SearchTransportService.lambda$registerRequestHandler$684(SearchTransportService.java:311),8,org.elasticsearch.action.search.SearchTransportService.lambda$registerRequestHandler$684,311
ES,ES-21457,1.76,100755,14,IllegalArgumentException,org.elasticsearch.transport.TransportRequestHandler.messageReceived(TransportRequestHandler.java:33),9,org.elasticsearch.transport.TransportRequestHandler.messageReceived,33
ES,ES-21457,1.76,100755,14,IllegalArgumentException,org.elasticsearch.transport.RequestHandlerRegistry.processMessageReceived(RequestHandlerRegistry.java:69),10,org.elasticsearch.transport.RequestHandlerRegistry.processMessageReceived,69
ES,ES-21457,1.76,100755,14,IllegalArgumentException,org.elasticsearch.transport.TransportService$6.doRun(TransportService.java:548),11,org.elasticsearch.transport.TransportService$6.doRun,548
ES,ES-21457,1.76,100755,14,IllegalArgumentException,org.elasticsearch.common.util.concurrent.ThreadContext$ContextPreservingAbstractRunnable.doRun(ThreadContext.java:520),12,org.elasticsearch.common.util.concurrent.ThreadContext$ContextPreservingAbstractRunnable.doRun,520
ES,ES-21457,1.76,100755,14,IllegalArgumentException,org.elasticsearch.common.util.concurrent.AbstractRunnable.run(AbstractRunnable.java:37),13,org.elasticsearch.common.util.concurrent.AbstractRunnable.run,37
ES,ES-21974,1.76,100594,17,IllegalArgumentException,org.elasticsearch.rest.RestUtils.decode(RestUtils.java:171),1,org.elasticsearch.rest.RestUtils.decode,171
ES,ES-21974,1.76,100594,17,IllegalArgumentException,org.elasticsearch.rest.RestUtils.decodeComponent(RestUtils.java:139),2,org.elasticsearch.rest.RestUtils.decodeComponent,139
ES,ES-21974,1.76,100594,17,IllegalArgumentException,org.elasticsearch.rest.RestUtils.decodeComponent(RestUtils.java:103),3,org.elasticsearch.rest.RestUtils.decodeComponent,103
ES,ES-21974,1.76,100594,17,IllegalArgumentException,org.elasticsearch.rest.RestUtils.decodeQueryString(RestUtils.java:77),4,org.elasticsearch.rest.RestUtils.decodeQueryString,77
ES,ES-21974,1.76,100594,17,IllegalArgumentException,org.elasticsearch.rest.RestRequest.<init>(RestRequest.java:54),5,org.elasticsearch.rest.RestRequest.<init>,54
ES,ES-21974,1.76,100594,17,IllegalArgumentException,org.elasticsearch.http.netty4.Netty4HttpRequest.<init>(Netty4HttpRequest.java:44),6,org.elasticsearch.http.netty4.Netty4HttpRequest.<init>,44
ES,ES-21974,1.76,100594,17,IllegalArgumentException,org.elasticsearch.http.netty4.Netty4HttpRequestHandler.channelRead0(Netty4HttpRequestHandler.java:67),7,org.elasticsearch.http.netty4.Netty4HttpRequestHandler.channelRead0,67
ES,ES-21974,1.76,100594,17,IllegalArgumentException,org.elasticsearch.http.netty4.pipelining.HttpPipeliningHandler.channelRead(HttpPipeliningHandler.java:66),12,org.elasticsearch.http.netty4.pipelining.HttpPipeliningHandler.channelRead,66
ES,ES-21974,1.76,100594,17,IllegalArgumentException,org.elasticsearch.http.netty4.cors.Netty4CorsHandler.channelRead(Netty4CorsHandler.java:76),16,org.elasticsearch.http.netty4.cors.Netty4CorsHandler.channelRead,76
ES,ES-23381,1.75,95090,14,IllegalArgumentException,org.elasticsearch.index.mapper.ParentFieldMapper.doMerge(ParentFieldMapper.java:301),1,org.elasticsearch.index.mapper.ParentFieldMapper.doMerge,301
ES,ES-23381,1.75,95090,14,IllegalArgumentException,org.elasticsearch.index.mapper.FieldMapper.merge(FieldMapper.java:333),2,org.elasticsearch.index.mapper.FieldMapper.merge,333
ES,ES-23381,1.75,95090,14,IllegalArgumentException,org.elasticsearch.index.mapper.MetadataFieldMapper.merge(MetadataFieldMapper.java:73),3,org.elasticsearch.index.mapper.MetadataFieldMapper.merge,73
ES,ES-23381,1.75,95090,14,IllegalArgumentException,org.elasticsearch.index.mapper.Mapping.merge(Mapping.java:96),4,org.elasticsearch.index.mapper.Mapping.merge,96
ES,ES-23381,1.75,95090,14,IllegalArgumentException,org.elasticsearch.index.mapper.DocumentMapper.merge(DocumentMapper.java:333),5,org.elasticsearch.index.mapper.DocumentMapper.merge,333
ES,ES-23381,1.75,95090,14,IllegalArgumentException,org.elasticsearch.cluster.metadata.MetaDataMappingService$PutMappingExecutor.applyRequest(MetaDataMappingService.java:267),6,org.elasticsearch.cluster.metadata.MetaDataMappingService$PutMappingExecutor.applyRequest,267
ES,ES-23381,1.75,95090,14,IllegalArgumentException,org.elasticsearch.cluster.metadata.MetaDataMappingService$PutMappingExecutor.execute(MetaDataMappingService.java:230),7,org.elasticsearch.cluster.metadata.MetaDataMappingService$PutMappingExecutor.execute,230
ES,ES-23381,1.75,95090,14,IllegalArgumentException,org.elasticsearch.cluster.service.ClusterService.executeTasks(ClusterService.java:674),8,org.elasticsearch.cluster.service.ClusterService.executeTasks,674
ES,ES-23381,1.75,95090,14,IllegalArgumentException,org.elasticsearch.cluster.service.ClusterService.calculateTaskOutputs(ClusterService.java:653),9,org.elasticsearch.cluster.service.ClusterService.calculateTaskOutputs,653
ES,ES-23381,1.75,95090,14,IllegalArgumentException,org.elasticsearch.cluster.service.ClusterService.runTasks(ClusterService.java:612),10,org.elasticsearch.cluster.service.ClusterService.runTasks,612
ES,ES-23381,1.75,95090,14,IllegalArgumentException,org.elasticsearch.cluster.service.ClusterService$UpdateTask.run(ClusterService.java:1112),11,org.elasticsearch.cluster.service.ClusterService$UpdateTask.run,1112
ES,ES-23381,1.75,95090,14,IllegalArgumentException,org.elasticsearch.common.util.concurrent.ThreadContext$ContextPreservingRunnable.run(ThreadContext.java:527),12,org.elasticsearch.common.util.concurrent.ThreadContext$ContextPreservingRunnable.run,527
ES,ES-23381,1.75,95090,14,IllegalArgumentException,org.elasticsearch.common.util.concurrent.PrioritizedEsThreadPoolExecutor$TieBreakingPrioritizedRunnable.runAndClean(PrioritizedEsThreadPoolExecutor.java:238),13,org.elasticsearch.common.util.concurrent.PrioritizedEsThreadPoolExecutor$TieBreakingPrioritizedRunnable.runAndClean,238
ES,ES-23381,1.75,95090,14,IllegalArgumentException,org.elasticsearch.common.util.concurrent.PrioritizedEsThreadPoolExecutor$TieBreakingPrioritizedRunnable.run(PrioritizedEsThreadPoolExecutor.java:201),14,org.elasticsearch.common.util.concurrent.PrioritizedEsThreadPoolExecutor$TieBreakingPrioritizedRunnable.run,201
ES,ES-26184,1.76,95383,9,IllegalArgumentException,org.elasticsearch.cluster.node.DiscoveryNodeFilters.lambda$static$0(DiscoveryNodeFilters.java:58),1,org.elasticsearch.cluster.node.DiscoveryNodeFilters.lambda$static$0,58
ES,ES-26184,1.76,95383,9,IllegalArgumentException,org.elasticsearch.common.settings.Setting$3.get(Setting.java:908),2,org.elasticsearch.common.settings.Setting$3.get,908
ES,ES-26184,1.76,95383,9,IllegalArgumentException,org.elasticsearch.common.settings.Setting$3.get(Setting.java:885),3,org.elasticsearch.common.settings.Setting$3.get,885
ES,ES-26184,1.76,95383,9,IllegalArgumentException,org.elasticsearch.cluster.metadata.IndexMetaData$Builder.build(IndexMetaData.java:1026),4,org.elasticsearch.cluster.metadata.IndexMetaData$Builder.build,1026
ES,ES-26184,1.76,95383,9,IllegalArgumentException,org.elasticsearch.cluster.metadata.IndexMetaData$Builder.fromXContent(IndexMetaData.java:1240),5,org.elasticsearch.cluster.metadata.IndexMetaData$Builder.fromXContent,1240
ES,ES-26184,1.76,95383,9,IllegalArgumentException,org.elasticsearch.cluster.metadata.IndexMetaData$1.fromXContent(IndexMetaData.java:1302),6,org.elasticsearch.cluster.metadata.IndexMetaData$1.fromXContent,1302
ES,ES-26184,1.76,95383,9,IllegalArgumentException,org.elasticsearch.cluster.metadata.IndexMetaData$1.fromXContent(IndexMetaData.java:1293),7,org.elasticsearch.cluster.metadata.IndexMetaData$1.fromXContent,1293
ES,ES-26184,1.76,95383,9,IllegalArgumentException,org.elasticsearch.gateway.MetaDataStateFormat.read(MetaDataStateFormat.java:202),8,org.elasticsearch.gateway.MetaDataStateFormat.read,202
ES,ES-26184,1.76,95383,9,IllegalArgumentException,org.elasticsearch.gateway.MetaDataStateFormat.loadLatestState(MetaDataStateFormat.java:322),9,org.elasticsearch.gateway.MetaDataStateFormat.loadLatestState,322
ES,ES-26651,1.76,95404,10,IllegalArgumentException,org.elasticsearch.common.settings.AbstractScopedSettings.validate(AbstractScopedSettings.java:293),1,org.elasticsearch.common.settings.AbstractScopedSettings.validate,293
ES,ES-26651,1.76,95404,10,IllegalArgumentException,org.elasticsearch.common.settings.AbstractScopedSettings.validate(AbstractScopedSettings.java:256),2,org.elasticsearch.common.settings.AbstractScopedSettings.validate,256
ES,ES-26651,1.76,95404,10,IllegalArgumentException,org.elasticsearch.common.settings.SettingsModule.<init>(SettingsModule.java:139),3,org.elasticsearch.common.settings.SettingsModule.<init>,139
ES,ES-26651,1.76,95404,10,IllegalArgumentException,org.elasticsearch.node.Node.<init>(Node.java:343),4,org.elasticsearch.node.Node.<init>,343
ES,ES-26651,1.76,95404,10,IllegalArgumentException,org.elasticsearch.node.Node.<init>(Node.java:244),5,org.elasticsearch.node.Node.<init>,244
ES,ES-26651,1.76,95404,10,IllegalArgumentException,org.elasticsearch.bootstrap.Bootstrap$5.<init>(Bootstrap.java:232),6,org.elasticsearch.bootstrap.Bootstrap$5.<init>,232
ES,ES-26651,1.76,95404,10,IllegalArgumentException,org.elasticsearch.bootstrap.Bootstrap.setup(Bootstrap.java:232),7,org.elasticsearch.bootstrap.Bootstrap.setup,232
ES,ES-26651,1.76,95404,10,IllegalArgumentException,org.elasticsearch.bootstrap.Bootstrap.init(Bootstrap.java:351),8,org.elasticsearch.bootstrap.Bootstrap.init,351
ES,ES-26651,1.76,95404,10,IllegalArgumentException,org.elasticsearch.bootstrap.Elasticsearch.init(Elasticsearch.java:123),9,org.elasticsearch.bootstrap.Elasticsearch.init,123
LANG,LANG-2b,3.38,15254,1,IllegalArgumentException,org.apache.commons.lang3.LocaleUtils.toLocale(LocaleUtils.java:94),1,org.apache.commons.lang3.LocaleUtils.toLocale,94
LANG,LANG-54b,3.21,12204,1,IllegalArgumentException,org.apache.commons.lang.LocaleUtils.toLocale(LocaleUtils.java:116),1,org.apache.commons.lang.LocaleUtils.toLocale,116
LANG,LANG-5b,3.38,15137,1,IllegalArgumentException,org.apache.commons.lang3.LocaleUtils.toLocale(LocaleUtils.java:99),1,org.apache.commons.lang3.LocaleUtils.toLocale,99
MATH,MATH-90b,2.31,20924,1,IllegalArgumentException,org.apache.commons.math.stat.Frequency.addValue(Frequency.java:134),1,org.apache.commons.math.stat.Frequency.addValue,134
MATH,MATH-95b,2.33,14122,4,IllegalArgumentException,org.apache.commons.math.analysis.UnivariateRealSolverUtils.bracket(UnivariateRealSolverUtils.java:179),1,org.apache.commons.math.analysis.UnivariateRealSolverUtils.bracket,179
MATH,MATH-95b,2.33,14122,4,IllegalArgumentException,org.apache.commons.math.analysis.UnivariateRealSolverUtils.bracket(UnivariateRealSolverUtils.java:128),2,org.apache.commons.math.analysis.UnivariateRealSolverUtils.bracket,128
MATH,MATH-95b,2.33,14122,4,IllegalArgumentException,org.apache.commons.math.distribution.AbstractContinuousDistribution.inverseCumulativeProbability(AbstractContinuousDistribution.java:84),3,org.apache.commons.math.distribution.AbstractContinuousDistribution.inverseCumulativeProbability,84
MATH,MATH-95b,2.33,14122,4,IllegalArgumentException,org.apache.commons.math.distribution.FDistributionImpl.inverseCumulativeProbability(FDistributionImpl.java:106),4,org.apache.commons.math.distribution.FDistributionImpl.inverseCumulativeProbability,106
MATH,MATH-97b,2.33,11849,2,IllegalArgumentException,org.apache.commons.math.analysis.BrentSolver.solve(BrentSolver.java:141),1,org.apache.commons.math.analysis.BrentSolver.solve,141
TIME,TIME-20b,2.10,19243,2,IllegalArgumentException,org.joda.time.format.DateTimeFormatter.parseDateTime(DateTimeFormatter.java:866),1,org.joda.time.format.DateTimeFormatter.parseDateTime,866
TIME,TIME-2b,2.13,19668,2,IllegalArgumentException,org.joda.time.Partial.<init>(Partial.java:224),1,org.joda.time.Partial.<init>,224
TIME,TIME-2b,2.13,19668,2,IllegalArgumentException,org.joda.time.Partial.with(Partial.java:466),2,org.joda.time.Partial.with,466
TIME,TIME-8b,2.12,19399,1,IllegalArgumentException,org.joda.time.DateTimeZone.forOffsetHoursMinutes(DateTimeZone.java:280),1,org.joda.time.DateTimeZone.forOffsetHoursMinutes,280
XWIKI,XWIKI-12667,1.92,179140,10,IllegalArgumentException,org.xwiki.model.reference.EntityReference.setName(EntityReference.java:185),1,org.xwiki.model.reference.EntityReference.setName,185
XWIKI,XWIKI-12667,1.92,179140,10,IllegalArgumentException,org.xwiki.model.reference.EntityReference.<init>(EntityReference.java:153),2,org.xwiki.model.reference.EntityReference.<init>,153
XWIKI,XWIKI-12667,1.92,179140,10,IllegalArgumentException,org.xwiki.model.reference.AttachmentReference.<init>(AttachmentReference.java:68),3,org.xwiki.model.reference.AttachmentReference.<init>,68
XWIKI,XWIKI-12667,1.92,179140,10,IllegalArgumentException,com.xpn.xwiki.doc.XWikiAttachment.getReference(XWikiAttachment.java:156),4,com.xpn.xwiki.doc.XWikiAttachment.getReference,156
XWIKI,XWIKI-12667,1.92,179140,10,IllegalArgumentException,com.xpn.xwiki.doc.XWikiAttachment.extractMimeType(XWikiAttachment.java:980),5,com.xpn.xwiki.doc.XWikiAttachment.extractMimeType,980
XWIKI,XWIKI-12667,1.92,179140,10,IllegalArgumentException,com.xpn.xwiki.doc.XWikiAttachment.getMimeType(XWikiAttachment.java:923),6,com.xpn.xwiki.doc.XWikiAttachment.getMimeType,923
XWIKI,XWIKI-12667,1.92,179140,10,IllegalArgumentException,com.xpn.xwiki.web.DownloadAction.setCommonHeaders(DownloadAction.java:427),7,com.xpn.xwiki.web.DownloadAction.setCommonHeaders,427
XWIKI,XWIKI-12667,1.92,179140,10,IllegalArgumentException,com.xpn.xwiki.web.DownloadAction.sendContent(DownloadAction.java:291),8,com.xpn.xwiki.web.DownloadAction.sendContent,291
XWIKI,XWIKI-12667,1.92,179140,10,IllegalArgumentException,com.xpn.xwiki.web.DownloadAction.render(DownloadAction.java:174),9,com.xpn.xwiki.web.DownloadAction.render,174
XWIKI,XWIKI-12667,1.92,179140,10,IllegalArgumentException,com.xpn.xwiki.web.XWikiAction.execute(XWikiAction.java:417),10,com.xpn.xwiki.web.XWikiAction.execute,417
XWIKI,XWIKI-13196,1.89,216612,10,IllegalArgumentException,org.xwiki.model.reference.EntityReference.setName(EntityReference.java:186),1,org.xwiki.model.reference.EntityReference.setName,186
XWIKI,XWIKI-13196,1.89,216612,10,IllegalArgumentException,org.xwiki.model.reference.EntityReference.<init>(EntityReference.java:154),2,org.xwiki.model.reference.EntityReference.<init>,154
XWIKI,XWIKI-13196,1.89,216612,10,IllegalArgumentException,org.xwiki.model.reference.AttachmentReference.<init>(AttachmentReference.java:68),3,org.xwiki.model.reference.AttachmentReference.<init>,68
XWIKI,XWIKI-13196,1.89,216612,10,IllegalArgumentException,com.xpn.xwiki.doc.XWikiAttachment.getReference(XWikiAttachment.java:156),4,com.xpn.xwiki.doc.XWikiAttachment.getReference,156
XWIKI,XWIKI-13196,1.89,216612,10,IllegalArgumentException,org.xwiki.search.solr.internal.reference.DocumentSolrReferenceResolver.addAttachmentsReferences(DocumentSolrReferenceResolver.java:139),5,org.xwiki.search.solr.internal.reference.DocumentSolrReferenceResolver.addAttachmentsReferences,139
XWIKI,XWIKI-13196,1.89,216612,10,IllegalArgumentException,org.xwiki.search.solr.internal.reference.DocumentSolrReferenceResolver.getReferences(DocumentSolrReferenceResolver.java:121),6,org.xwiki.search.solr.internal.reference.DocumentSolrReferenceResolver.getReferences,121
XWIKI,XWIKI-13196,1.89,216612,10,IllegalArgumentException,org.xwiki.search.solr.internal.reference.DefaultSolrReferenceResolver.getReferences(DefaultSolrReferenceResolver.java:163),7,org.xwiki.search.solr.internal.reference.DefaultSolrReferenceResolver.getReferences,163
XWIKI,XWIKI-13196,1.89,216612,10,IllegalArgumentException,org.xwiki.search.solr.internal.DefaultSolrIndexer$Resolver.runInternal(DefaultSolrIndexer.java:213),8,org.xwiki.search.solr.internal.DefaultSolrIndexer$Resolver.runInternal,213
XWIKI,XWIKI-13196,1.89,216612,10,IllegalArgumentException,com.xpn.xwiki.util.AbstractXWikiRunnable.run(AbstractXWikiRunnable.java:131),9,com.xpn.xwiki.util.AbstractXWikiRunnable.run,131
XWIKI,XWIKI-13546,1.89,216612,14,IllegalArgumentException,org.xwiki.model.reference.EntityReference.setName(EntityReference.java:186),1,org.xwiki.model.reference.EntityReference.setName,186
XWIKI,XWIKI-13546,1.89,216612,14,IllegalArgumentException,org.xwiki.model.reference.EntityReference.<init>(EntityReference.java:171),2,org.xwiki.model.reference.EntityReference.<init>,171
XWIKI,XWIKI-13546,1.89,216612,14,IllegalArgumentException,org.xwiki.model.reference.EntityReference.<init>(EntityReference.java:142),3,org.xwiki.model.reference.EntityReference.<init>,142
XWIKI,XWIKI-13546,1.89,216612,14,IllegalArgumentException,org.xwiki.model.reference.WikiReference.<init>(WikiReference.java:61),4,org.xwiki.model.reference.WikiReference.<init>,61
XWIKI,XWIKI-13546,1.89,216612,14,IllegalArgumentException,org.xwiki.configuration.internal.AbstractDocumentConfigurationSource.getCurrentWikiReference(AbstractDocumentConfigurationSource.java:185),5,org.xwiki.configuration.internal.AbstractDocumentConfigurationSource.getCurrentWikiReference,185
XWIKI,XWIKI-13546,1.89,216612,14,IllegalArgumentException,org.xwiki.mail.internal.configuration.SendMailConfigClassDocumentConfigurationSource.getDocumentReference(SendMailConfigClassDocumentConfigurationSource.java:68),6,org.xwiki.mail.internal.configuration.SendMailConfigClassDocumentConfigurationSource.getDocumentReference,68
XWIKI,XWIKI-13546,1.89,216612,14,IllegalArgumentException,org.xwiki.configuration.internal.AbstractDocumentConfigurationSource.getCacheKeyPrefix(AbstractDocumentConfigurationSource.java:122),7,org.xwiki.configuration.internal.AbstractDocumentConfigurationSource.getCacheKeyPrefix,122
XWIKI,XWIKI-13546,1.89,216612,14,IllegalArgumentException,org.xwiki.configuration.internal.AbstractDocumentConfigurationSource.getPropertyValue(AbstractDocumentConfigurationSource.java:306),8,org.xwiki.configuration.internal.AbstractDocumentConfigurationSource.getPropertyValue,306
XWIKI,XWIKI-13546,1.89,216612,14,IllegalArgumentException,org.xwiki.configuration.internal.AbstractDocumentConfigurationSource.getProperty(AbstractDocumentConfigurationSource.java:301),9,org.xwiki.configuration.internal.AbstractDocumentConfigurationSource.getProperty,301
XWIKI,XWIKI-13546,1.89,216612,14,IllegalArgumentException,org.xwiki.mail.internal.configuration.DefaultMailSenderConfiguration.getSendWaitTime(DefaultMailSenderConfiguration.java:313),10,org.xwiki.mail.internal.configuration.DefaultMailSenderConfiguration.getSendWaitTime,313
XWIKI,XWIKI-13546,1.89,216612,14,IllegalArgumentException,org.xwiki.mail.internal.thread.SendMailRunnable.waitSendWaitTime(SendMailRunnable.java:177),11,org.xwiki.mail.internal.thread.SendMailRunnable.waitSendWaitTime,177
XWIKI,XWIKI-13546,1.89,216612,14,IllegalArgumentException,org.xwiki.mail.internal.thread.SendMailRunnable.runInternal(SendMailRunnable.java:108),12,org.xwiki.mail.internal.thread.SendMailRunnable.runInternal,108
XWIKI,XWIKI-13546,1.89,216612,14,IllegalArgumentException,org.xwiki.mail.internal.thread.SendMailRunnable.run(SendMailRunnable.java:74),13,org.xwiki.mail.internal.thread.SendMailRunnable.run,74
XWIKI,XWIKI-13942,1.85,203710,5,IllegalArgumentException,org.xwiki.model.internal.reference.ExplicitStringEntityReferenceResolver.getDefaultReference(ExplicitStringEntityReferenceResolver.java:45),1,org.xwiki.model.internal.reference.ExplicitStringEntityReferenceResolver.getDefaultReference,45
XWIKI,XWIKI-13942,1.85,203710,5,IllegalArgumentException,org.xwiki.model.internal.reference.AbstractEntityReferenceResolver.resolveDefaultReference(AbstractEntityReferenceResolver.java:77),2,org.xwiki.model.internal.reference.AbstractEntityReferenceResolver.resolveDefaultReference,77
XWIKI,XWIKI-13942,1.85,203710,5,IllegalArgumentException,org.xwiki.model.internal.reference.AbstractStringEntityReferenceResolver.getNewReference(AbstractStringEntityReferenceResolver.java:210),3,org.xwiki.model.internal.reference.AbstractStringEntityReferenceResolver.getNewReference,210
XWIKI,XWIKI-13942,1.85,203710,5,IllegalArgumentException,org.xwiki.model.internal.reference.AbstractStringEntityReferenceResolver.resolve(AbstractStringEntityReferenceResolver.java:155),4,org.xwiki.model.internal.reference.AbstractStringEntityReferenceResolver.resolve,155
XWIKI,XWIKI-13942,1.85,203710,5,IllegalArgumentException,org.xwiki.model.script.ModelScriptService.resolveSpace(ModelScriptService.java:335),5,org.xwiki.model.script.ModelScriptService.resolveSpace,335
ES,ES-19026,1.84,136551,23,IllegalStateException,sun.nio.fs.UnixException.translateToIOException(UnixException.java:86),1,sun.nio.fs.UnixException.translateToIOException,86
ES,ES-19026,1.84,136551,23,IllegalStateException,sun.nio.fs.UnixException.rethrowAsIOException(UnixException.java:102),2,sun.nio.fs.UnixException.rethrowAsIOException,102
ES,ES-19026,1.84,136551,23,IllegalStateException,sun.nio.fs.UnixException.rethrowAsIOException(UnixException.java:107),3,sun.nio.fs.UnixException.rethrowAsIOException,107
ES,ES-19026,1.84,136551,23,IllegalStateException,sun.nio.fs.UnixFileSystemProvider.newByteChannel(UnixFileSystemProvider.java:214),4,sun.nio.fs.UnixFileSystemProvider.newByteChannel,214
ES,ES-19026,1.84,136551,23,IllegalStateException,java.nio.file.Files.newByteChannel(Files.java:361),5,java.nio.file.Files.newByteChannel,361
ES,ES-19026,1.84,136551,23,IllegalStateException,java.nio.file.Files.newByteChannel(Files.java:407),6,java.nio.file.Files.newByteChannel,407
ES,ES-19026,1.84,136551,23,IllegalStateException,java.nio.file.spi.FileSystemProvider.newInputStream(FileSystemProvider.java:384),7,java.nio.file.spi.FileSystemProvider.newInputStream,384
ES,ES-19026,1.84,136551,23,IllegalStateException,java.nio.file.Files.newInputStream(Files.java:152),8,java.nio.file.Files.newInputStream,152
ES,ES-19026,1.84,136551,23,IllegalStateException,org.elasticsearch.plugins.PluginInfo.readFromProperties(PluginInfo.java:74),9,org.elasticsearch.plugins.PluginInfo.readFromProperties,74
ES,ES-19026,1.84,136551,23,IllegalStateException,org.elasticsearch.plugins.PluginsService.getModuleBundles(PluginsService.java:327),10,org.elasticsearch.plugins.PluginsService.getModuleBundles,327
ES,ES-19026,1.84,136551,23,IllegalStateException,org.elasticsearch.plugins.PluginsService.<init>(PluginsService.java:131),11,org.elasticsearch.plugins.PluginsService.<init>,131
ES,ES-19026,1.84,136551,23,IllegalStateException,org.elasticsearch.node.Node.<init>(Node.java:211),12,org.elasticsearch.node.Node.<init>,211
ES,ES-19026,1.84,136551,23,IllegalStateException,org.elasticsearch.node.Node.<init>(Node.java:172),13,org.elasticsearch.node.Node.<init>,172
ES,ES-19026,1.84,136551,23,IllegalStateException,org.elasticsearch.bootstrap.Bootstrap$5.<init>(Bootstrap.java:175),14,org.elasticsearch.bootstrap.Bootstrap$5.<init>,175
ES,ES-19026,1.84,136551,23,IllegalStateException,org.elasticsearch.bootstrap.Bootstrap.setup(Bootstrap.java:175),15,org.elasticsearch.bootstrap.Bootstrap.setup,175
ES,ES-22119,1.8,123719,30,IllegalStateException,org.elasticsearch.script.ScriptType.readFrom(ScriptType.java:79),1,org.elasticsearch.script.ScriptType.readFrom,79
ES,ES-22119,1.8,123719,30,IllegalStateException,org.elasticsearch.script.mustache.SearchTemplateRequest.readFrom(SearchTemplateRequest.java:147),2,org.elasticsearch.script.mustache.SearchTemplateRequest.readFrom,147
ES,ES-22119,1.8,123719,30,IllegalStateException,org.elasticsearch.transport.TcpTransport.handleRequest(TcpTransport.java:1340),3,org.elasticsearch.transport.TcpTransport.handleRequest,1340
ES,ES-22119,1.8,123719,30,IllegalStateException,org.elasticsearch.transport.TcpTransport.messageReceived(TcpTransport.java:1242),4,org.elasticsearch.transport.TcpTransport.messageReceived,1242
ES,ES-22119,1.8,123719,30,IllegalStateException,org.elasticsearch.transport.netty4.Netty4MessageChannelHandler.channelRead(Netty4MessageChannelHandler.java:74),5,org.elasticsearch.transport.netty4.Netty4MessageChannelHandler.channelRead,74
ES,ES-23218,1.81,122251,12,IllegalStateException,org.elasticsearch.monitor.os.OsProbe.getControlGroups(OsProbe.java:216),2,org.elasticsearch.monitor.os.OsProbe.getControlGroups,216
ES,ES-23218,1.81,122251,12,IllegalStateException,org.elasticsearch.monitor.os.OsProbe.getCgroup(OsProbe.java:414),3,org.elasticsearch.monitor.os.OsProbe.getCgroup,414
ES,ES-23218,1.81,122251,12,IllegalStateException,org.elasticsearch.monitor.os.OsProbe.osStats(OsProbe.java:466),4,org.elasticsearch.monitor.os.OsProbe.osStats,466
ES,ES-23218,1.81,122251,12,IllegalStateException,org.elasticsearch.monitor.os.OsService.<init>(OsService.java:45),5,org.elasticsearch.monitor.os.OsService.<init>,45
ES,ES-23218,1.81,122251,12,IllegalStateException,org.elasticsearch.monitor.MonitorService.<init>(MonitorService.java:45),6,org.elasticsearch.monitor.MonitorService.<init>,45
ES,ES-23218,1.81,122251,12,IllegalStateException,org.elasticsearch.node.Node.<init>(Node.java:345),7,org.elasticsearch.node.Node.<init>,345
ES,ES-23218,1.81,122251,12,IllegalStateException,org.elasticsearch.node.Node.<init>(Node.java:232),8,org.elasticsearch.node.Node.<init>,232
ES,ES-23218,1.81,122251,12,IllegalStateException,org.elasticsearch.bootstrap.Bootstrap$6.<init>(Bootstrap.java:241),9,org.elasticsearch.bootstrap.Bootstrap$6.<init>,241
ES,ES-23218,1.81,122251,12,IllegalStateException,org.elasticsearch.bootstrap.Bootstrap.setup(Bootstrap.java:241),10,org.elasticsearch.bootstrap.Bootstrap.setup,241
ES,ES-23218,1.81,122251,12,IllegalStateException,org.elasticsearch.bootstrap.Bootstrap.init(Bootstrap.java:333),11,org.elasticsearch.bootstrap.Bootstrap.init,333
ES,ES-23218,1.81,122251,12,IllegalStateException,org.elasticsearch.bootstrap.Elasticsearch.init(Elasticsearch.java:121),12,org.elasticsearch.bootstrap.Elasticsearch.init,121
ES,ES-23675,1.81,122251,22,IllegalStateException,org.elasticsearch.common.io.stream.StreamOutput.writeVLong(StreamOutput.java:219),1,org.elasticsearch.common.io.stream.StreamOutput.writeVLong,219
ES,ES-23675,1.81,122251,22,IllegalStateException,org.elasticsearch.index.search.stats.SearchStats$Stats.writeTo(SearchStats.java:211),2,org.elasticsearch.index.search.stats.SearchStats$Stats.writeTo,211
ES,ES-23675,1.81,122251,22,IllegalStateException,org.elasticsearch.index.search.stats.SearchStats.writeTo(SearchStats.java:353),3,org.elasticsearch.index.search.stats.SearchStats.writeTo,353
ES,ES-23675,1.81,122251,22,IllegalStateException,org.elasticsearch.common.io.stream.StreamOutput.writeOptionalStreamable(StreamOutput.java:723),4,org.elasticsearch.common.io.stream.StreamOutput.writeOptionalStreamable,723
ES,ES-23675,1.81,122251,22,IllegalStateException,org.elasticsearch.action.admin.indices.stats.CommonStats.writeTo(CommonStats.java:255),5,org.elasticsearch.action.admin.indices.stats.CommonStats.writeTo,255
ES,ES-23675,1.81,122251,22,IllegalStateException,org.elasticsearch.indices.NodeIndicesStats.writeTo(NodeIndicesStats.java:175),6,org.elasticsearch.indices.NodeIndicesStats.writeTo,175
ES,ES-23675,1.81,122251,22,IllegalStateException,org.elasticsearch.action.admin.cluster.node.stats.NodeStats.writeTo(NodeStats.java:235),7,org.elasticsearch.action.admin.cluster.node.stats.NodeStats.writeTo,235
ES,ES-23675,1.81,122251,22,IllegalStateException,org.elasticsearch.transport.TcpTransport.buildMessage(TcpTransport.java:1179),8,org.elasticsearch.transport.TcpTransport.buildMessage,1179
ES,ES-23675,1.81,122251,22,IllegalStateException,org.elasticsearch.transport.TcpTransport.sendResponse(TcpTransport.java:1123),9,org.elasticsearch.transport.TcpTransport.sendResponse,1123
ES,ES-23675,1.81,122251,22,IllegalStateException,org.elasticsearch.transport.TcpTransport.sendResponse(TcpTransport.java:1101),10,org.elasticsearch.transport.TcpTransport.sendResponse,1101
ES,ES-23675,1.81,122251,22,IllegalStateException,org.elasticsearch.transport.TcpTransportChannel.sendResponse(TcpTransportChannel.java:67),11,org.elasticsearch.transport.TcpTransportChannel.sendResponse,67
ES,ES-23675,1.81,122251,22,IllegalStateException,org.elasticsearch.transport.TcpTransportChannel.sendResponse(TcpTransportChannel.java:61),12,org.elasticsearch.transport.TcpTransportChannel.sendResponse,61
ES,ES-23675,1.81,122251,22,IllegalStateException,org.elasticsearch.transport.DelegatingTransportChannel.sendResponse(DelegatingTransportChannel.java:58),13,org.elasticsearch.transport.DelegatingTransportChannel.sendResponse,58
ES,ES-23675,1.81,122251,22,IllegalStateException,org.elasticsearch.transport.RequestHandlerRegistry$TransportChannelWrapper.sendResponse(RequestHandlerRegistry.java:111),14,org.elasticsearch.transport.RequestHandlerRegistry$TransportChannelWrapper.sendResponse,111
ES,ES-23675,1.81,122251,22,IllegalStateException,org.elasticsearch.action.support.nodes.TransportNodesAction$NodeTransportHandler.messageReceived(TransportNodesAction.java:270),15,org.elasticsearch.action.support.nodes.TransportNodesAction$NodeTransportHandler.messageReceived,270
ES,ES-23675,1.81,122251,22,IllegalStateException,org.elasticsearch.action.support.nodes.TransportNodesAction$NodeTransportHandler.messageReceived(TransportNodesAction.java:266),16,org.elasticsearch.action.support.nodes.TransportNodesAction$NodeTransportHandler.messageReceived,266
ES,ES-23675,1.81,122251,22,IllegalStateException,org.elasticsearch.transport.RequestHandlerRegistry.processMessageReceived(RequestHandlerRegistry.java:69),17,org.elasticsearch.transport.RequestHandlerRegistry.processMessageReceived,69
ES,ES-23675,1.81,122251,22,IllegalStateException,org.elasticsearch.transport.TcpTransport$RequestHandler.doRun(TcpTransport.java:1488),18,org.elasticsearch.transport.TcpTransport$RequestHandler.doRun,1488
ES,ES-23675,1.81,122251,22,IllegalStateException,org.elasticsearch.common.util.concurrent.ThreadContext$ContextPreservingAbstractRunnable.doRun(ThreadContext.java:596),19,org.elasticsearch.common.util.concurrent.ThreadContext$ContextPreservingAbstractRunnable.doRun,596
ES,ES-23675,1.81,122251,22,IllegalStateException,org.elasticsearch.common.util.concurrent.AbstractRunnable.run(AbstractRunnable.java:37),20,org.elasticsearch.common.util.concurrent.AbstractRunnable.run,37
ES,ES-25849,1.81,121520,10,IllegalStateException,org.elasticsearch.index.fielddata.plain.SortedSetDVBytesAtomicFieldData.getOrdinalsValues(SortedSetDVBytesAtomicFieldData.java:53),3,org.elasticsearch.index.fielddata.plain.SortedSetDVBytesAtomicFieldData.getOrdinalsValues,53
ES,ES-25849,1.81,121520,10,IllegalStateException,org.elasticsearch.index.fielddata.ordinals.GlobalOrdinalsBuilder.build(GlobalOrdinalsBuilder.java:63),4,org.elasticsearch.index.fielddata.ordinals.GlobalOrdinalsBuilder.build,63
ES,ES-25849,1.81,121520,10,IllegalStateException,org.elasticsearch.index.fielddata.plain.SortedSetDVOrdinalsIndexFieldData.localGlobalDirect(SortedSetDVOrdinalsIndexFieldData.java:127),5,org.elasticsearch.index.fielddata.plain.SortedSetDVOrdinalsIndexFieldData.localGlobalDirect,127
ES,ES-25849,1.81,121520,10,IllegalStateException,org.elasticsearch.index.fielddata.plain.SortedSetDVOrdinalsIndexFieldData.localGlobalDirect(SortedSetDVOrdinalsIndexFieldData.java:45),6,org.elasticsearch.index.fielddata.plain.SortedSetDVOrdinalsIndexFieldData.localGlobalDirect,45
ES,ES-25849,1.81,121520,10,IllegalStateException,org.elasticsearch.indices.fielddata.cache.IndicesFieldDataCache$IndexFieldCache.lambda$load$1(IndicesFieldDataCache.java:157),7,org.elasticsearch.indices.fielddata.cache.IndicesFieldDataCache$IndexFieldCache.lambda$load$1,157
ES,ES-25849,1.81,121520,10,IllegalStateException,org.elasticsearch.common.cache.Cache.computeIfAbsent(Cache.java:401),8,org.elasticsearch.common.cache.Cache.computeIfAbsent,401
ES,ES-25849,1.81,121520,10,IllegalStateException,org.elasticsearch.indices.fielddata.cache.IndicesFieldDataCache$IndexFieldCache.load(IndicesFieldDataCache.java:154),9,org.elasticsearch.indices.fielddata.cache.IndicesFieldDataCache$IndexFieldCache.load,154
ES,ES-25849,1.81,121520,10,IllegalStateException,org.elasticsearch.index.fielddata.plain.SortedSetDVOrdinalsIndexFieldData.loadGlobal(SortedSetDVOrdinalsIndexFieldData.java:115),10,org.elasticsearch.index.fielddata.plain.SortedSetDVOrdinalsIndexFieldData.loadGlobal,115
ES,ES-26513,1.76,95391,36,IllegalStateException,org.apache.hadoop.fs.FileContext$Util.listStatus(FileContext.java:1726),16,org.apache.hadoop.fs.FileContext$Util.listStatus,1726
ES,ES-26513,1.76,95391,36,IllegalStateException,org.elasticsearch.repositories.hdfs.HdfsBlobContainer$6.run(HdfsBlobContainer.java:145),17,org.elasticsearch.repositories.hdfs.HdfsBlobContainer$6.run,145
ES,ES-26513,1.76,95391,36,IllegalStateException,org.elasticsearch.repositories.hdfs.HdfsBlobContainer$6.run(HdfsBlobContainer.java:142),18,org.elasticsearch.repositories.hdfs.HdfsBlobContainer$6.run,142
ES,ES-26513,1.76,95391,36,IllegalStateException,org.elasticsearch.repositories.hdfs.HdfsBlobStore.lambda$execute$0(HdfsBlobStore.java:132),19,org.elasticsearch.repositories.hdfs.HdfsBlobStore.lambda$execute$0,132
ES,ES-26513,1.76,95391,36,IllegalStateException,java.security.AccessController.doPrivileged(Native Method),20,java.security.AccessController.doPrivileged,Native Method
ES,ES-26513,1.76,95391,36,IllegalStateException,java.security.AccessController.doPrivileged(AccessController.java:713),21,java.security.AccessController.doPrivileged,713
ES,ES-26513,1.76,95391,36,IllegalStateException,org.elasticsearch.repositories.hdfs.HdfsBlobStore.execute(HdfsBlobStore.java:129),22,org.elasticsearch.repositories.hdfs.HdfsBlobStore.execute,129
ES,ES-26513,1.76,95391,36,IllegalStateException,org.elasticsearch.repositories.hdfs.HdfsBlobContainer.listBlobsByPrefix(HdfsBlobContainer.java:142),23,org.elasticsearch.repositories.hdfs.HdfsBlobContainer.listBlobsByPrefix,142
ES,ES-26513,1.76,95391,36,IllegalStateException,org.elasticsearch.repositories.blobstore.BlobStoreRepository.listBlobsToGetLatestIndexId(BlobStoreRepository.java:930),24,org.elasticsearch.repositories.blobstore.BlobStoreRepository.listBlobsToGetLatestIndexId,930
ES,ES-26513,1.76,95391,36,IllegalStateException,org.elasticsearch.repositories.blobstore.BlobStoreRepository.latestIndexBlobId(BlobStoreRepository.java:908),25,org.elasticsearch.repositories.blobstore.BlobStoreRepository.latestIndexBlobId,908
ES,ES-26513,1.76,95391,36,IllegalStateException,org.elasticsearch.repositories.blobstore.BlobStoreRepository.getRepositoryData(BlobStoreRepository.java:746),26,org.elasticsearch.repositories.blobstore.BlobStoreRepository.getRepositoryData,746
ES,ES-26513,1.76,95391,36,IllegalStateException,org.elasticsearch.snapshots.SnapshotsService.getRepositoryData(SnapshotsService.java:140),27,org.elasticsearch.snapshots.SnapshotsService.getRepositoryData,140
ES,ES-26513,1.76,95391,36,IllegalStateException,org.elasticsearch.action.admin.cluster.snapshots.get.TransportGetSnapshotsAction.masterOperation(TransportGetSnapshotsAction.java:97),28,org.elasticsearch.action.admin.cluster.snapshots.get.TransportGetSnapshotsAction.masterOperation,97
ES,ES-26513,1.76,95391,36,IllegalStateException,org.elasticsearch.action.admin.cluster.snapshots.get.TransportGetSnapshotsAction.masterOperation(TransportGetSnapshotsAction.java:55),29,org.elasticsearch.action.admin.cluster.snapshots.get.TransportGetSnapshotsAction.masterOperation,55
ES,ES-26513,1.76,95391,36,IllegalStateException,org.elasticsearch.action.support.master.TransportMasterNodeAction.masterOperation(TransportMasterNodeAction.java:87),30,org.elasticsearch.action.support.master.TransportMasterNodeAction.masterOperation,87
ES,ES-22997,1.84,159405,15,StringIndexOutOfBoundsException,org.elasticsearch.search.highlight.vectorhighlight.SimpleFragmentsBuilder.makeFragment(SimpleFragmentsBuilder.java:43),3,org.elasticsearch.search.highlight.vectorhighlight.SimpleFragmentsBuilder.makeFragment,43
ES,ES-22997,1.84,159405,15,StringIndexOutOfBoundsException,org.elasticsearch.search.highlight.FastVectorHighlighter.highlight(FastVectorHighlighter.java:146),6,org.elasticsearch.search.highlight.FastVectorHighlighter.highlight,146
ES,ES-22997,1.84,159405,15,StringIndexOutOfBoundsException,org.elasticsearch.search.highlight.HighlightPhase.hitExecute(HighlightPhase.java:140),7,org.elasticsearch.search.highlight.HighlightPhase.hitExecute,140
ES,ES-22997,1.84,159405,15,StringIndexOutOfBoundsException,org.elasticsearch.search.fetch.FetchPhase.execute(FetchPhase.java:188),8,org.elasticsearch.search.fetch.FetchPhase.execute,188
ES,ES-22997,1.84,159405,15,StringIndexOutOfBoundsException,org.elasticsearch.search.SearchService.executeFetchPhase(SearchService.java:490),9,org.elasticsearch.search.SearchService.executeFetchPhase,490
ES,ES-22997,1.84,159405,15,StringIndexOutOfBoundsException,org.elasticsearch.search.action.SearchServiceTransportAction$SearchQueryFetchTransportHandler.messageReceived(SearchServiceTransportAction.java:392),10,org.elasticsearch.search.action.SearchServiceTransportAction$SearchQueryFetchTransportHandler.messageReceived,392
ES,ES-22997,1.84,159405,15,StringIndexOutOfBoundsException,org.elasticsearch.search.action.SearchServiceTransportAction$SearchQueryFetchTransportHandler.messageReceived(SearchServiceTransportAction.java:389),11,org.elasticsearch.search.action.SearchServiceTransportAction$SearchQueryFetchTransportHandler.messageReceived,389
ES,ES-22997,1.84,159405,15,StringIndexOutOfBoundsException,org.elasticsearch.transport.TransportRequestHandler.messageReceived(TransportRequestHandler.java:33),12,org.elasticsearch.transport.TransportRequestHandler.messageReceived,33
ES,ES-22997,1.84,159405,15,StringIndexOutOfBoundsException,org.elasticsearch.transport.RequestHandlerRegistry.processMessageReceived(RequestHandlerRegistry.java:77),13,org.elasticsearch.transport.RequestHandlerRegistry.processMessageReceived,77
ES,ES-22997,1.84,159405,15,StringIndexOutOfBoundsException,org.elasticsearch.transport.TransportService$4.doRun(TransportService.java:376),14,org.elasticsearch.transport.TransportService$4.doRun,376
ES,ES-22997,1.84,159405,15,StringIndexOutOfBoundsException,org.elasticsearch.common.util.concurrent.AbstractRunnable.run(AbstractRunnable.java:37),15,org.elasticsearch.common.util.concurrent.AbstractRunnable.run,37
LANG,LANG-19b,3.30,13343,3,StringIndexOutOfBoundsException,org.apache.commons.lang3.text.translate.NumericEntityUnescaper.translate(NumericEntityUnescaper.java:54),1,org.apache.commons.lang3.text.translate.NumericEntityUnescaper.translate,54
LANG,LANG-19b,3.30,13343,3,StringIndexOutOfBoundsException,org.apache.commons.lang3.text.translate.CharSequenceTranslator.translate(CharSequenceTranslator.java:86),2,org.apache.commons.lang3.text.translate.CharSequenceTranslator.translate,86
LANG,LANG-19b,3.30,13343,3,StringIndexOutOfBoundsException,org.apache.commons.lang3.text.translate.CharSequenceTranslator.translate(CharSequenceTranslator.java:59),3,org.apache.commons.lang3.text.translate.CharSequenceTranslator.translate,59
LANG,LANG-27b,3.29,12921,1,StringIndexOutOfBoundsException,org.apache.commons.lang3.math.NumberUtils.createNumber(NumberUtils.java:489),1,org.apache.commons.lang3.math.NumberUtils.createNumber,489
LANG,LANG-44b,3.27,13492,1,StringIndexOutOfBoundsException,org.apache.commons.lang.NumberUtils.createNumber(NumberUtils.java:193),1,org.apache.commons.lang.NumberUtils.createNumber,193
LANG,LANG-45b,3.26,13465,1,StringIndexOutOfBoundsException,org.apache.commons.lang.WordUtils.abbreviate(WordUtils.java:629),1,org.apache.commons.lang.WordUtils.abbreviate,629
LANG,LANG-51b,3.21,12280,1,StringIndexOutOfBoundsException,org.apache.commons.lang.BooleanUtils.toBoolean(BooleanUtils.java:686),1,org.apache.commons.lang.BooleanUtils.toBoolean,686
LANG,LANG-6b,3.38,15091,3,StringIndexOutOfBoundsException,org.apache.commons.lang3.text.translate.CharSequenceTranslator.translate(CharSequenceTranslator.java:95),1,org.apache.commons.lang3.text.translate.CharSequenceTranslator.translate,95
LANG,LANG-6b,3.38,15091,3,StringIndexOutOfBoundsException,org.apache.commons.lang3.text.translate.CharSequenceTranslator.translate(CharSequenceTranslator.java:59),2,org.apache.commons.lang3.text.translate.CharSequenceTranslator.translate,59
LANG,LANG-6b,3.38,15091,3,StringIndexOutOfBoundsException,org.apache.commons.lang3.StringEscapeUtils.escapeCsv(StringEscapeUtils.java:556),3,org.apache.commons.lang3.StringEscapeUtils.escapeCsv,556
MATH,MATH-101b,2.29,11545,1,StringIndexOutOfBoundsException,org.apache.commons.math.complex.ComplexFormat.parse(ComplexFormat.java:377),1,org.apache.commons.math.complex.ComplexFormat.parse,377
XWIKI,XWIKI-14152,1.87,164668,8,StringIndexOutOfBoundsException,org.xwiki.query.internal.AbstractQueryFilter.getSelectColumns(AbstractQueryFilter.java:80),2,org.xwiki.query.internal.AbstractQueryFilter.getSelectColumns,80
XWIKI,XWIKI-14152,1.87,164668,8,StringIndexOutOfBoundsException,org.xwiki.query.internal.CountDocumentFilter.isFilterable(CountDocumentFilter.java:60),3,org.xwiki.query.internal.CountDocumentFilter.isFilterable,60
XWIKI,XWIKI-14152,1.87,164668,8,StringIndexOutOfBoundsException,org.xwiki.query.internal.CountDocumentFilter.filterStatement(CountDocumentFilter.java:70),4,org.xwiki.query.internal.CountDocumentFilter.filterStatement,70
XWIKI,XWIKI-14152,1.87,164668,8,StringIndexOutOfBoundsException,com.xpn.xwiki.store.hibernate.query.HqlQueryExecutor.createHibernateQuery(HqlQueryExecutor.java:230),5,com.xpn.xwiki.store.hibernate.query.HqlQueryExecutor.createHibernateQuery,230
XWIKI,XWIKI-14152,1.87,164668,8,StringIndexOutOfBoundsException,com.xpn.xwiki.store.hibernate.query.HqlQueryExecutor$1.doInHibernate(HqlQueryExecutor.java:171),6,com.xpn.xwiki.store.hibernate.query.HqlQueryExecutor$1.doInHibernate,171
XWIKI,XWIKI-14152,1.87,164668,8,StringIndexOutOfBoundsException,com.xpn.xwiki.store.hibernate.query.HqlQueryExecutor$1.doInHibernate(HqlQueryExecutor.java:166),7,com.xpn.xwiki.store.hibernate.query.HqlQueryExecutor$1.doInHibernate,166
XWIKI,XWIKI-14152,1.87,164668,8,StringIndexOutOfBoundsException,com.xpn.xwiki.store.XWikiHibernateBaseStore.execute(XWikiHibernateBaseStore.java:1327),8,com.xpn.xwiki.store.XWikiHibernateBaseStore.execute,1327